{"cameraMode":{"drawMode":0,"name":"Shaded","section":"Shading Mode"},"sceneLighting":true,"audioPlay":false,"sceneViewState":{"showFog":true,"showMaterialUpdate":true,"showSkybox":true,"showFlares":true,"showImageEffects":true,"showParticleSystems":true},"in2DMode":false,"pivot":{"x":1.4752026796340943,"y":3.1659598350524904,"z":-0.0069450028240680698},"rotation":{"x":-0.11453112214803696,"y":0.296796053647995,"z":-0.0358801931142807,"w":-0.9473755955696106},"size":2.3673362731933595,"orthographic":false}