{"cameraMode":{"drawMode":0,"name":"Shaded","section":"Shading Mode"},"sceneLighting":true,"audioPlay":false,"sceneViewState":{"showFog":true,"showMaterialUpdate":true,"showSkybox":true,"showFlares":true,"showImageEffects":true,"showParticleSystems":true},"in2DMode":false,"pivot":{"x":1.4752026796340943,"y":3.1659598350524904,"z":-0.0069450028240680698},"rotation":{"x":-0.17104162275791169,"y":0.8283857107162476,"z":-0.35985466837882998,"w":-0.39373821020126345},"size":9.492100715637207,"orthographic":false}