{"cameraMode":{"drawMode":0,"name":"Shaded","section":"Shading Mode"},"sceneLighting":true,"audioPlay":false,"sceneViewState":{"showFog":true,"showMaterialUpdate":true,"showSkybox":true,"showFlares":true,"showImageEffects":true,"showParticleSystems":true},"in2DMode":false,"pivot":{"x":0.8389999866485596,"y":0.7599999904632568,"z":1.662408709526062},"rotation":{"x":-0.33517375588417055,"y":0.13139761984348298,"z":-0.0472683310508728,"w":-0.9317594766616821},"size":22.0,"orthographic":false}