{"cameraMode":{"drawMode":0,"name":"Shaded","section":"Shading Mode"},"sceneLighting":true,"audioPlay":false,"sceneViewState":{"showFog":true,"showMaterialUpdate":true,"showSkybox":true,"showFlares":true,"showImageEffects":true,"showParticleSystems":true},"in2DMode":false,"pivot":{"x":3.4201393127441408,"y":1.600197434425354,"z":0.5337661504745483},"rotation":{"x":-0.04299966245889664,"y":0.6419795155525208,"z":0.03692113235592842,"w":0.7648832201957703},"size":8.074234008789063,"orthographic":false}