{"cameraMode":{"drawMode":0,"name":"Shaded","section":"Shading Mode"},"sceneLighting":true,"audioPlay":false,"sceneViewState":{"showFog":true,"showMaterialUpdate":true,"showSkybox":true,"showFlares":true,"showImageEffects":true,"showParticleSystems":true},"in2DMode":false,"pivot":{"x":-6.159886360168457,"y":1.3871179819107056,"z":5.6904377937316898},"rotation":{"x":0.022754279896616937,"y":-0.44630491733551028,"z":0.01221023965626955,"w":0.8947413563728333},"size":13.591866493225098,"orthographic":false}