{"cameraMode":{"drawMode":0,"name":"Shaded","section":"Shading Mode"},"sceneLighting":true,"audioPlay":false,"sceneViewState":{"showFog":true,"showMaterialUpdate":true,"showSkybox":true,"showFlares":true,"showImageEffects":true,"showParticleSystems":true},"in2DMode":false,"pivot":{"x":0.0,"y":0.7400000095367432,"z":1.850000023841858},"rotation":{"x":-0.02642873302102089,"y":0.25128090381622317,"z":-0.006865107454359531,"w":-0.967539370059967},"size":3.839278221130371,"orthographic":false}