{"cameraMode":{"drawMode":0,"name":"Shaded","section":"Shading Mode"},"sceneLighting":true,"audioPlay":false,"sceneViewState":{"showFog":true,"showMaterialUpdate":true,"showSkybox":true,"showFlares":true,"showImageEffects":true,"showParticleSystems":true},"in2DMode":false,"pivot":{"x":0.5136380195617676,"y":-3.44881272315979,"z":4.754162788391113},"rotation":{"x":0.32014214992523196,"y":-0.00042084543383680284,"z":0.0009884724859148265,"w":0.9475917816162109},"size":7.806191444396973,"orthographic":false}