{"cameraMode":{"drawMode":0,"name":"Shaded","section":"Shading Mode"},"sceneLighting":true,"audioPlay":false,"sceneViewState":{"showFog":true,"showMaterialUpdate":true,"showSkybox":true,"showFlares":true,"showImageEffects":true,"showParticleSystems":true},"in2DMode":false,"pivot":{"x":-8.751309394836426,"y":7.82891845703125,"z":-2.7201595306396486},"rotation":{"x":-0.7456352114677429,"y":-0.11623845249414444,"z":0.1349918246269226,"w":-0.6421789526939392},"size":56.556800842285159,"orthographic":false}